{
  "Solution": "pto.track",
  "Files": 91,
  "Lines": 12424,
  "Classes": 89,
  "Methods": 469,
  "CyclomaticComplexity": {
    "Average": 1.6908315565031984,
    "Median": 1,
    "Max": 28,
    "OverThreshold": 4
  },
  "Maintainability": {
    "Average": 58.38599935612525,
    "Median": 57.06307636107582,
    "Min": 18.4134400226929,
    "BelowThreshold": 347
  },
  "Parameters": {
    "Average": 0.5863539445628998,
    "Max": 8,
    "OverThreshold": 2
  },
  "Projects": {
    "pto.track": {
      "Project": "pto.track",
      "Files": 17,
      "Lines": 1726,
      "Classes": 19,
      "Methods": 62,
      "CyclomaticComplexity": {
        "Average": 2.435483870967742,
        "Median": 2,
        "Max": 8,
        "OverThreshold": 0
      },
      "Maintainability": {
        "Average": 59.501372235449544,
        "Median": 59.36577289543476,
        "Min": 37.43265990980905,
        "BelowThreshold": 45
      },
      "Parameters": {
        "Average": 1.032258064516129,
        "Max": 4,
        "OverThreshold": 0
      }
    },
    "pto.track.data": {
      "Project": "pto.track.data",
      "Files": 5,
      "Lines": 350,
      "Classes": 5,
      "Methods": 6,
      "CyclomaticComplexity": {
        "Average": 1.8333333333333333,
        "Median": 1.5,
        "Max": 4,
        "OverThreshold": 0
      },
      "Maintainability": {
        "Average": 60.04959898385389,
        "Median": 59.013821988424255,
        "Min": 53.937606899367985,
        "BelowThreshold": 5
      },
      "Parameters": {
        "Average": 2.1666666666666665,
        "Max": 8,
        "OverThreshold": 1
      }
    },
    "pto.track.data.tests": {
      "Project": "pto.track.data.tests",
      "Files": 1,
      "Lines": 611,
      "Classes": 4,
      "Methods": 34,
      "CyclomaticComplexity": {
        "Average": 1.0588235294117647,
        "Median": 1,
        "Max": 2,
        "OverThreshold": 0
      },
      "Maintainability": {
        "Average": 59.175474712111345,
        "Median": 58.485876510722406,
        "Min": 54.44887292925902,
        "BelowThreshold": 30
      },
      "Parameters": {
        "Average": 0.11764705882352941,
        "Max": 1,
        "OverThreshold": 0
      }
    },
    "pto.track.services": {
      "Project": "pto.track.services",
      "Files": 43,
      "Lines": 2537,
      "Classes": 32,
      "Methods": 115,
      "CyclomaticComplexity": {
        "Average": 1.5913043478260869,
        "Median": 1,
        "Max": 7,
        "OverThreshold": 0
      },
      "Maintainability": {
        "Average": 67.15285760815429,
        "Median": 69.6927194580605,
        "Min": 39.7862354744738,
        "BelowThreshold": 42
      },
      "Parameters": {
        "Average": 1.5304347826086957,
        "Max": 6,
        "OverThreshold": 1
      }
    },
    "pto.track.services.tests": {
      "Project": "pto.track.services.tests",
      "Files": 10,
      "Lines": 3317,
      "Classes": 10,
      "Methods": 123,
      "CyclomaticComplexity": {
        "Average": 1.0406504065040652,
        "Median": 1,
        "Max": 3,
        "OverThreshold": 0
      },
      "Maintainability": {
        "Average": 53.08720194662887,
        "Median": 51.97278614700597,
        "Min": 39.48685882613876,
        "BelowThreshold": 117
      },
      "Parameters": {
        "Average": 0.008130081300813009,
        "Max": 1,
        "OverThreshold": 0
      }
    },
    "pto.track.tests": {
      "Project": "pto.track.tests",
      "Files": 15,
      "Lines": 3883,
      "Classes": 19,
      "Methods": 129,
      "CyclomaticComplexity": {
        "Average": 2.201550387596899,
        "Median": 1,
        "Max": 28,
        "OverThreshold": 4
      },
      "Maintainability": {
        "Average": 54.80139861191362,
        "Median": 54.24748471411139,
        "Min": 18.4134400226929,
        "BelowThreshold": 108
      },
      "Parameters": {
        "Average": 0.13178294573643412,
        "Max": 3,
        "OverThreshold": 0
      }
    }
  }
}